Essay Name,Essay Filename
१) संस्कृतभाषा,c1
२) अहिंसा परमो धर्मः,c2
३) वेदानां प्रामुख्यम्,c3
४) सत्यमेव जयते नानृतम्,c4
५) पातिव्रत्यमहिमा,c5
६) औदार्यम्,c6
७) विज्ञानशास्त्रप्रगतिः,c7
८) विद्वान् सर्वत्र पूज्यते,c8
९) सुकविता यद्यस्ति राज्येन किम्?,c9
१०) जननी जन्मभूमिश्च स्वर्गादपि गरीयसी,c10
११) न स्त्री स्वातन्त्र्यमर्हति,c11
१२) याज्ञवल्क्यः,c12
१३) प्रदोषव्रतमहिमा,c13
१४) ग्रन्थालयः,c14
१५) वीरचरितम्,c15
१६) महापुरुषाः,c16
१७) नारीगौरवम्,c17
१८) विज्ञानशास्त्रं लोकोपकारः,c18
१९) उद्यमेन हि सिध्यन्ति कार्याणि न मनोरथैः,c19
२०) न तितिक्षासममस्ति साधनम्,c20
२१) भारतीयपर्वदिनानि,c21
२२) नद्यः,c22
